Ticker, Time stamp, Value
RQWS, 02/08/4123 17:29:52:58, 657.8109633372171
OAFB, 02/08/4123 09:31:15:71, 105.60855687536369
BDJY, 02/08/4123 17:34:59:80, 68.3356847022508
JKRU, 02/08/4123 12:40:39:74, 103.6920108081448
OXVC, 02/08/4123 11:15:33:42, 98.35757624090502
DFYE, 02/08/4123 10:47:48:86, 123.89539925585075
PDKU, 02/08/4123 09:13:43:33, 248.46185398767793
BHMI, 02/08/4123 15:02:41:55, 313.233668800393
GBNP, 02/08/4123 16:07:21:16, 113.09035045990095
GUCK, 02/08/4123 12:12:33:57, 543.3889415655125
ODYA, 02/08/4123 11:50:52:74, 637.3263646444228
LPCM, 02/08/4123 14:18:54:87, 163.12582402873466
NTMF, 02/08/4123 12:22:24:38, 52.7553012070095
MMYO, 02/08/4123 09:31:07:86, 36.333937723852394
VADH, 02/08/4123 17:23:52:46, 108.72726619450272
QFZB, 02/08/4123 17:20:25:63, 338.9878419431742
ELSC, 02/08/4123 16:00:17:06, 359.14895583632523
CFGW, 02/08/4123 14:45:58:39, 173.08136387234302
VQNF, 02/08/4123 09:07:02:32, 296.37261658173026
ECIG, 02/08/4123 16:05:10:86, 27.32511692777008
QVVV, 02/08/4123 12:56:37:77, 436.81970527725383
FLTR, 02/08/4123 10:32:52:29, 660.6210928004061
GOXI, 02/08/4123 14:00:28:94, 344.8917458920803
CAVE, 02/08/4123 11:13:56:38, 0.186400452303209
DYDF, 02/08/4123 10:54:25:61, 340.73845882889356
NNSN, 02/08/4123 10:01:33:64, 62.44105296997416
IWDX, 02/08/4123 11:05:51:61, 120.63881369515528
BFWI, 02/08/4123 16:59:03:76, 465.4371162330991
GXDW, 02/08/4123 11:06:38:82, 17.904149184614695
ENYQ, 02/08/4123 12:26:00:37, 240.9147813094039
SHRA, 02/08/4123 09:11:23:02, 3.536591093058224
CCWZ, 02/08/4123 17:22:33:53, 61.60085944369926
UOGL, 02/08/4123 14:14:38:03, 157.03936309911376
ARTC, 02/08/4123 15:33:39:24, 132.79560980974435
LNLG, 02/08/4123 09:29:42:17, 86.13033628101664
XTUM, 02/08/4123 12:14:47:66, 35.5467500125907
CVIX, 02/08/4123 17:56:20:94, 125.85335299369964
XJCK, 02/08/4123 17:31:21:70, 91.74569488917332
MZCK, 02/08/4123 15:27:57:34, 268.2770373990232
DRYA, 02/08/4123 15:06:32:49, 78.69776968300064
RFHM, 02/08/4123 14:46:03:60, 473.70215788697163
NBPR, 02/08/4123 09:27:58:26, 361.69722221291715
RYCM, 02/08/4123 11:49:26:42, 23.953796949986405
UOYW, 02/08/4123 12:49:21:06, 27.686093327762563
HJWL, 02/08/4123 12:07:03:28, 82.13801170368298
RUKI, 02/08/4123 10:20:23:89, 2.421471224775015
VPQM, 02/08/4123 12:36:39:53, 204.84114709587243
XETC, 02/08/4123 17:15:02:57, 94.34437476360692
AUGP, 02/08/4123 12:34:38:81, 43.6584581988948
TLBM, 02/08/4123 11:16:29:40, 97.78255021462738
HLOF, 02/08/4123 13:16:06:43, 112.28013343617839
BBRT, 02/08/4123 09:26:15:23, 115.73271067308136
ZLWC, 02/08/4123 16:25:49:04, 137.4687326287414
OLEQ, 02/08/4123 09:27:50:61, 405.3721129276824
KXTQ, 02/08/4123 15:28:56:82, 204.1863752377111
QWBL, 02/08/4123 10:07:28:53, 135.76616380424713
IPIV, 02/08/4123 09:01:46:65, 96.76744424720543
EJPT, 02/08/4123 12:44:07:51, 1.0686293249234056
VTRR, 02/08/4123 09:09:26:41, 56.14226428898748
LLTO, 02/08/4123 12:36:34:50, 824.6371030568115
UGAB, 02/08/4123 17:00:45:50, 144.12111791593063
DHPA, 02/08/4123 16:44:59:02, 18.074719158733604
EZOH, 02/08/4123 16:19:39:48, 58.86376353428611
WSYV, 02/08/4123 17:00:36:35, 103.42570596954756
LRBW, 02/08/4123 10:07:44:11, 180.52363733314522
SLKU, 02/08/4123 09:52:19:14, 67.3169658877909
OSBO, 02/08/4123 13:55:40:05, 289.5508171841965
VVFB, 02/08/4123 15:59:26:63, 394.7963417493674
TKYI, 02/08/4123 14:13:44:43, 56.27503467541574
QKKQ, 02/08/4123 11:04:35:17, 403.173410664398
QVSF, 02/08/4123 16:45:29:28, 581.9309084372856
UWBI, 02/08/4123 15:17:49:89, 348.37803535845273
YJMG, 02/08/4123 09:45:50:55, 601.0402344790524
YPKC, 02/08/4123 11:53:18:56, 570.9722614653837
CDJC, 02/08/4123 15:56:18:68, 30.611554204372794
IQUU, 02/08/4123 14:55:18:26, 492.3478572793364
QQOL, 02/08/4123 11:54:18:00, 219.63249248721476
EMFE, 02/08/4123 10:26:10:19, 459.0233101290829
AIAR, 02/08/4123 15:50:56:32, 299.76469507046477
LRFR, 02/08/4123 11:21:16:61, 110.08242714138181
QNZL, 02/08/4123 17:07:01:30, 54.05080239010682
AMRH, 02/08/4123 17:52:59:40, 55.762259998959436
OUQZ, 02/08/4123 16:57:45:08, 76.23789295129264
MLYL, 02/08/4123 13:59:40:84, 375.45303371397796
BYOT, 02/08/4123 11:40:36:06, 31.806041988322793
EHFK, 02/08/4123 13:08:14:59, 90.11654473982999
PJXI, 02/08/4123 16:43:44:87, 830.0965960362145
JSNZ, 02/08/4123 17:18:20:41, 153.79413209384572
ZBRR, 02/08/4123 17:01:30:91, 306.37891554850233
DKFN, 02/08/4123 10:30:47:83, 119.52563015555806
YOMH, 02/08/4123 11:41:24:92, 138.23884252478155
RXPB, 02/08/4123 14:20:40:61, 155.82765233826674
XTNX, 02/08/4123 15:39:03:33, 58.87856903332663
NNNZ, 02/08/4123 09:09:43:45, 152.76451479586595
YIWF, 02/08/4123 14:33:15:72, 150.86854373828126
TVSP, 02/08/4123 16:43:38:45, 1.474550760414027
MYKI, 02/08/4123 15:26:13:75, 241.64276830413615
BNMV, 02/08/4123 10:55:09:39, 27.130912516150065
FZMB, 02/08/4123 13:38:59:54, 304.626814413719
VPSE, 02/08/4123 17:34:20:09, 35.035768557773274
